index,carrier,year,month,name,value,groupid
220123,AA,2017,1,BOS,16,1_AA
221866,B6,2017,2,BOS,23,2_B6
223421,DL,2017,4,BOS,24,4_DL
223187,AA,2017,4,BOS,20,4_AA
223568,EV,2017,4,BOS,22,4_EV
221710,AA,2017,2,BOS,13,2_AA
220504,EV,2017,1,BOS,27,1_EV
222804,OO,2017,3,BOS,0,3_OO
221598,UA,2017,2,BOS,17,2_UA
224146,WN,2017,4,BOS,24,4_WN
220778,OO,2017,1,BOS,0,1_OO
223346,B6,2017,4,BOS,25,4_B6
221419,OO,2017,2,BOS,0,2_OO
221157,EV,2017,2,BOS,13,2_EV
221059,WN,2017,1,BOS,16,1_WN
220951,UA,2017,1,BOS,20,1_UA
221941,DL,2017,2,BOS,12,2_DL
220353,DL,2017,1,BOS,19,1_DL
224030,UA,2017,4,BOS,23,4_UA
223837,OO,2017,4,BOS,0,4_OO
222988,UA,2017,3,BOS,18,3_UA
223101,WN,2017,3,BOS,22,3_WN
222547,EV,2017,3,BOS,18,3_EV
222081,WN,2017,2,BOS,10,2_WN
222395,DL,2017,3,BOS,18,3_DL
222320,B6,2017,3,BOS,24,3_B6
222166,AA,2017,3,BOS,21,3_AA
220278,B6,2017,1,BOS,21,1_B6
223113,WN,2017,3,DCA,17,3_WN
221445,OO,2017,2,DCA,7,2_OO
222416,DL,2017,3,DCA,11,3_DL
224158,WN,2017,4,DCA,19,4_WN
221071,WN,2017,1,DCA,18,1_WN
222570,EV,2017,3,DCA,27,3_EV
221181,EV,2017,2,DCA,22,2_EV
223356,B6,2017,4,DCA,18,4_B6
222999,UA,2017,3,DCA,13,3_UA
221961,DL,2017,2,DCA,5,2_DL
221609,UA,2017,2,DCA,13,2_UA
222175,AA,2017,3,DCA,19,3_AA
221721,AA,2017,2,DCA,12,2_AA
222093,WN,2017,2,DCA,9,2_WN
223197,AA,2017,4,DCA,19,4_AA
224041,UA,2017,4,DCA,15,4_UA
221876,B6,2017,2,DCA,17,2_B6
222330,B6,2017,3,DCA,17,3_B6
223442,DL,2017,4,DCA,17,4_DL
222830,OO,2017,3,DCA,16,3_OO
220133,AA,2017,1,DCA,16,1_AA
220961,UA,2017,1,DCA,18,1_UA
220373,DL,2017,1,DCA,20,1_DL
220530,EV,2017,1,DCA,31,1_EV
223592,EV,2017,4,DCA,31,4_EV
220288,B6,2017,1,DCA,19,1_B6
220803,OO,2017,1,DCA,31,1_OO
223864,OO,2017,4,DCA,17,4_OO
221446,OO,2017,2,DEN,13,2_OO
220374,DL,2017,1,DEN,25,1_DL
220804,OO,2017,1,DEN,22,1_OO
221610,UA,2017,2,DEN,12,2_UA
224042,UA,2017,4,DEN,9,4_UA
222176,AA,2017,3,DEN,19,3_AA
222331,B6,2017,3,DEN,28,3_B6
221722,AA,2017,2,DEN,13,2_AA
223000,UA,2017,3,DEN,13,3_UA
221877,B6,2017,2,DEN,25,2_B6
222417,DL,2017,3,DEN,15,3_DL
223357,B6,2017,4,DEN,21,4_B6
221072,WN,2017,1,DEN,23,1_WN
222831,OO,2017,3,DEN,13,3_OO
220962,UA,2017,1,DEN,16,1_UA
220289,B6,2017,1,DEN,24,1_B6
224159,WN,2017,4,DEN,16,4_WN
222094,WN,2017,2,DEN,15,2_WN
223443,DL,2017,4,DEN,17,4_DL
223865,OO,2017,4,DEN,11,4_OO
223198,AA,2017,4,DEN,17,4_AA
221962,DL,2017,2,DEN,11,2_DL
223114,WN,2017,3,DEN,18,3_WN
220134,AA,2017,1,DEN,20,1_AA
221963,DL,2017,2,DFW,4,2_DL
223593,EV,2017,4,DFW,28,4_EV
220375,DL,2017,1,DFW,13,1_DL
222177,AA,2017,3,DFW,13,3_AA
221723,AA,2017,2,DFW,10,2_AA
220963,UA,2017,1,DFW,14,1_UA
223001,UA,2017,3,DFW,14,3_UA
221878,B6,2017,2,DFW,20,2_B6
221611,UA,2017,2,DFW,13,2_UA
223866,OO,2017,4,DFW,20,4_OO
222571,EV,2017,3,DFW,21,3_EV
224043,UA,2017,4,DFW,18,4_UA
222832,OO,2017,3,DFW,18,3_OO
223358,B6,2017,4,DFW,14,4_B6
223444,DL,2017,4,DFW,21,4_DL
221182,EV,2017,2,DFW,12,2_EV
223199,AA,2017,4,DFW,18,4_AA
220805,OO,2017,1,DFW,28,1_OO
221447,OO,2017,2,DFW,16,2_OO
222418,DL,2017,3,DFW,9,3_DL
220531,EV,2017,1,DFW,24,1_EV
220290,B6,2017,1,DFW,23,1_B6
222332,B6,2017,3,DFW,16,3_B6
220135,AA,2017,1,DFW,17,1_AA
220137,AA,2017,1,DTW,17,1_AA
224045,UA,2017,4,DTW,9,4_UA
222333,B6,2017,3,DTW,31,3_B6
223003,UA,2017,3,DTW,15,3_UA
222420,DL,2017,3,DTW,11,3_DL
222096,WN,2017,2,DTW,10,2_WN
222836,OO,2017,3,DTW,18,3_OO
222179,AA,2017,3,DTW,19,3_AA
223871,OO,2017,4,DTW,17,4_OO
222574,EV,2017,3,DTW,18,3_EV
220291,B6,2017,1,DTW,31,1_B6
220965,UA,2017,1,DTW,24,1_UA
223446,DL,2017,4,DTW,14,4_DL
221451,OO,2017,2,DTW,11,2_OO
220809,OO,2017,1,DTW,21,1_OO
223201,AA,2017,4,DTW,20,4_AA
221186,EV,2017,2,DTW,11,2_EV
221725,AA,2017,2,DTW,10,2_AA
221613,UA,2017,2,DTW,15,2_UA
220377,DL,2017,1,DTW,14,1_DL
223359,B6,2017,4,DTW,32,4_B6
220535,EV,2017,1,DTW,20,1_EV
221074,WN,2017,1,DTW,19,1_WN
224161,WN,2017,4,DTW,22,4_WN
223116,WN,2017,3,DTW,20,3_WN
221965,DL,2017,2,DTW,6,2_DL
223596,EV,2017,4,DTW,15,4_EV
221879,B6,2017,2,DTW,25,2_B6
223367,B6,2017,4,LAS,21,4_B6
221090,WN,2017,1,LAS,29,1_WN
222882,OO,2017,3,LAS,18,3_OO
222453,DL,2017,3,LAS,13,3_DL
220855,OO,2017,1,LAS,29,1_OO
220985,UA,2017,1,LAS,26,1_UA
221497,OO,2017,2,LAS,26,2_OO
223477,DL,2017,4,LAS,16,4_DL
223921,OO,2017,4,LAS,16,4_OO
221633,UA,2017,2,LAS,17,2_UA
220299,B6,2017,1,LAS,33,1_B6
221999,DL,2017,2,LAS,13,2_DL
222112,WN,2017,2,LAS,19,2_WN
223023,UA,2017,3,LAS,16,3_UA
221887,B6,2017,2,LAS,33,2_B6
220411,DL,2017,1,LAS,27,1_DL
222341,B6,2017,3,LAS,21,3_B6
222198,AA,2017,3,LAS,17,3_AA
221744,AA,2017,2,LAS,18,2_AA
224177,WN,2017,4,LAS,17,4_WN
224065,UA,2017,4,LAS,14,4_UA
223221,AA,2017,4,LAS,20,4_AA
220156,AA,2017,1,LAS,26,1_AA
223132,WN,2017,3,LAS,17,3_WN
223133,WN,2017,3,LAX,35,3_WN
223024,UA,2017,3,LAX,26,3_UA
223222,AA,2017,4,LAX,26,4_AA
223368,B6,2017,4,LAX,27,4_B6
222883,OO,2017,3,LAX,38,3_OO
223478,DL,2017,4,LAX,33,4_DL
223922,OO,2017,4,LAX,30,4_OO
221634,UA,2017,2,LAX,27,2_UA
222000,DL,2017,2,LAX,32,2_DL
220856,OO,2017,1,LAX,38,1_OO
224066,UA,2017,4,LAX,26,4_UA
221091,WN,2017,1,LAX,40,1_WN
222113,WN,2017,2,LAX,40,2_WN
221888,B6,2017,2,LAX,39,2_B6
222199,AA,2017,3,LAX,24,3_AA
220412,DL,2017,1,LAX,33,1_DL
221498,OO,2017,2,LAX,37,2_OO
222342,B6,2017,3,LAX,33,3_B6
220300,B6,2017,1,LAX,39,1_B6
221745,AA,2017,2,LAX,23,2_AA
222454,DL,2017,3,LAX,33,3_DL
220157,AA,2017,1,LAX,27,1_AA
224178,WN,2017,4,LAX,34,4_WN
220986,UA,2017,1,LAX,30,1_UA
221234,EV,2017,2,MCI,16,2_EV
221097,WN,2017,1,MCI,19,1_WN
220989,UA,2017,1,MCI,18,1_UA
221510,OO,2017,2,MCI,10,2_OO
223226,AA,2017,4,MCI,18,4_AA
222621,EV,2017,3,MCI,41,3_EV
223484,DL,2017,4,MCI,13,4_DL
223934,OO,2017,4,MCI,26,4_OO
220418,DL,2017,1,MCI,16,1_DL
223644,EV,2017,4,MCI,5,4_EV
224184,WN,2017,4,MCI,17,4_WN
220161,AA,2017,1,MCI,12,1_AA
220868,OO,2017,1,MCI,19,1_OO
220584,EV,2017,1,MCI,28,1_EV
222006,DL,2017,2,MCI,7,2_DL
223139,WN,2017,3,MCI,19,3_WN
222460,DL,2017,3,MCI,8,3_DL
224069,UA,2017,4,MCI,15,4_UA
223027,UA,2017,3,MCI,19,3_UA
222895,OO,2017,3,MCI,13,3_OO
221749,AA,2017,2,MCI,10,2_AA
222119,WN,2017,2,MCI,11,2_WN
221637,UA,2017,2,MCI,9,2_UA
222202,AA,2017,3,MCI,13,3_AA
223511,DL,2017,4,PHX,16,4_DL
222135,WN,2017,2,PHX,18,2_WN
221538,OO,2017,2,PHX,15,2_OO
220311,B6,2017,1,PHX,32,1_B6
222222,AA,2017,3,PHX,11,3_AA
222926,OO,2017,3,PHX,10,3_OO
220181,AA,2017,1,PHX,19,1_AA
222353,B6,2017,3,PHX,22,3_B6
224200,WN,2017,4,PHX,18,4_WN
220446,DL,2017,1,PHX,21,1_DL
222034,DL,2017,2,PHX,11,2_DL
220895,OO,2017,1,PHX,16,1_OO
221899,B6,2017,2,PHX,32,2_B6
224091,UA,2017,4,PHX,17,4_UA
223965,OO,2017,4,PHX,8,4_OO
223379,B6,2017,4,PHX,26,4_B6
221008,UA,2017,1,PHX,23,1_UA
223155,WN,2017,3,PHX,19,3_WN
221113,WN,2017,1,PHX,25,1_WN
221769,AA,2017,2,PHX,10,2_AA
223246,AA,2017,4,PHX,12,4_AA
221655,UA,2017,2,PHX,16,2_UA
223046,UA,2017,3,PHX,15,3_UA
222488,DL,2017,3,PHX,10,3_DL
224099,UA,2017,4,SAN,13,4_UA
223987,OO,2017,4,SAN,9,4_OO
222145,WN,2017,2,SAN,24,2_WN
223390,B6,2017,4,SAN,17,4_B6
220191,AA,2017,1,SAN,31,1_AA
220322,B6,2017,1,SAN,30,1_B6
220458,DL,2017,1,SAN,27,1_DL
220914,OO,2017,1,SAN,23,1_OO
221014,UA,2017,1,SAN,24,1_UA
221123,WN,2017,1,SAN,28,1_WN
221559,OO,2017,2,SAN,27,2_OO
221663,UA,2017,2,SAN,19,2_UA
223524,DL,2017,4,SAN,15,4_DL
221779,AA,2017,2,SAN,21,2_AA
222046,DL,2017,2,SAN,16,2_DL
222232,AA,2017,3,SAN,18,3_AA
222364,B6,2017,3,SAN,31,3_B6
222501,DL,2017,3,SAN,9,3_DL
222947,OO,2017,3,SAN,15,3_OO
223054,UA,2017,3,SAN,16,3_UA
223165,WN,2017,3,SAN,17,3_WN
223256,AA,2017,4,SAN,18,4_AA
221910,B6,2017,2,SAN,29,2_B6
224210,WN,2017,4,SAN,17,4_WN
